Paper_ID,Assigned_to,Title,Lead_author,Year,Journal,Time_of_Year,Spatial_scale,Country,Continent,Taxonomic_scope,Species,Taxonomic_group,Quarry_Species,Comparison,Disturbance_Type,Disturbance_Specific,Response_Type,Response_Specific,Effect,FID_Distance,Synopsis,Notes,Paper_Retained
D001,Liam,Using radio-telemetry to monitor cardiac response of free-living Tule Greater White-fronted Geese (Anser albifrons elgasi) to human disturbance,"Ackerman, JT.",2004,Wilson Bulletin,Overwinter,Site,USA,North America,single-species,Anser albifrons,Geese,No,,Recreational,Walking,Physiological,Heart rate,Negative,,"Heart rate increased during observer approach from 114 BPM to 154 BPM (36%) just prior to fliushing. Immediately prior to flushing, heart rate rose most rapidly, nearly tripling, continuing to increase until the birds reached flight speed.",Small sample size - 6 trials of 4 birds.,
D001,Liam,Using radio-telemetry to monitor cardiac response of free-living Tule Greater White-fronted Geese (Anser albifrons elgasi) to human disturbance,"Ackerman, JT.",2004,Wilson Bulletin,Overwinter,Site,USA,North America,single-species,Anser albifrons,Geese,No,,Recreational,Walking,Behavioural,FID,Negative,,Geese flushed on average when the observer was 47m away (range 25-100m),Just a description of FID - perhaps don't include?,
D002,Liam,Tunisian man-made wetlands as alternative habitats for waterbirds and their role in conservation,"Afdahl, B.",2012,Journal of African Ornithology,Overwinter,National,Tunisia,Africa,multi-species,Multiple,,Yes,,Wildfowling,Shooting,Site,Local abundance,Negative,,Hunting disturbance was one of several ecological variables which influenced the community composition of wintering waterbirds at man-made wetlands in Tunisia. In particular Ferruginous Ducks and White-headed Ducks were only found in undisturbed wetlands. ,Hunting categorised as presence/absence of hunters or evidence of their presence such as spent shells. Other disturbance measures were proximity to infrastructure.,
D003,Liam,Wintering waterfowl community structure and the characteristics of gravel pit lakes,"Bell, MC.",1997,Wildlife Biology,,,,,,,,,,,,,,,,,,
D004,Liam,Habitat selection and waterbody-complex use by wintering Gadwall and Shoveler in south west London: implications for the designation and management of multi-site protected areas,"Briggs, BJD.",2012,Journal for Nature Conservation,,,,,,,,,,,,,,,,,,
D005,Liam,Impacts of man-made landscape features on numbers of estuarine waterbirds at low tide,"Burton, NHK.",2002,Environmental Management,,,,,,,,,,,,,,,,,,
D006,Liam,Set-back distances to protect nesting and roosting seabirds off Vancouver Island from boat disturbance,Chatwin TA.,2013,Waterbirds,,,,,,,,,,,,,,,,,,
D007,Liam,An eco-compensation policy increases shorebird diversity during the non-farming period for aquaculture,"Dai, WZ.",2021,Wetlands,,,,,,,,,,,,,,,,,,
D008,Liam,The shorebird community structure at an intertidal mudflat in southern Mozambique,"de Boer, WF.",2002,Ardea,,,,,,,,,,,,,,,,,,
D009,Liam,Comparing the community composition of European and eastern Chinese waterbirds and the influence of human factors on the China waterbird community,de Boer WF.,2011,Ambio,,,,,,,,,,,,,,,,,,
D010,Liam,Rise in human activities on the mudflats and brent geese (Branta bernicla) wintering distribution in relation to Zoestra spp. beds: a 30-year study,"Desmonts, D.",2009,Journal of Ornithology,,,,,,,,,,,,,,,,,,
D011,Liam,"Distribution of common eiders Somateria mollissima during the brood-rearing and moulting periods in the St. Lawrence Estuary, Canada","Dieval, H.",2011,Wildlife Biology,,,,,,,,,,,,,,,,,,
D012,Liam,Spatiotemporal assessment of littoral waterbirds for establishing ecological indicators of Mediterranean coastal lagoons,"Farinos-Celdrran, P.",2017,International Journal of Geo-Information,,,,,,,,,,,,,,,,,,
D013,Liam,"The relative importance of human disturbance, environmental and spatial factors on the community composition of wetland birds","Mereta, ST.",2021,Water,,,,,,,,,,,,,,,,,,
D014,Liam,Activating an artisanal saltpan: tourism crowding in or waterbirds crowding out?,"Ramos, J.",2022,"International Journal of Culture, Tourism and Hospitality",,,,,,,,,,,,,,,,,,
D015,Liam,Terrestrial threats dominate the waterbird landscape of fear in a savannah pan wetland system,"Tarakini, T.",2020,Wildlife Biology,,,,,,,,,,,,,,,,,,
D016,Liam,Living together: Waterbirds distinguish between local fishermen and casual outfits,Feng CZ.,2020,Global Ecology and Conservation,,,,,,,,,,,,,,,,,,
D017,Liam,Sensitivity of wildlife to spatial patterns of recreationist behavior: A critical assessment of minimum approaching distances and buffer areas for grassland birds,"Fernandez-Juricic, E.",2005,Biological Conservation,,,,,,,,,,,,,,,,,,
D018,Liam,The importance of artificial wetlands for birds: A case study from Cyprus,"Giosa, E.",2018,PLoS One,,,,,,,,,,,,,,,,,,
D019,Liam,Feather corticosterone does not correlate with environmental stressors or body condition in an endangered waterbird,"Gormally, BMG.",2020,Conservation Physiology,,,,,,,,,,,,,,,,,,
D020,Liam,Monitoring human disturbance: Factors affecting escape behaviour of waterbirds in North African wetlands,"Halassi, I.",2022,African Journal of Ecology,,,,,,,,,,,,,,,,,,
D021,Liam,Behavioural responses of non-breeding waterbirds to marine traffic in the near-shore environment,"Jarrett, D.",2020,Bird Study,,,,,,,,,,,,,,,,,,
D022,Liam,Spatiotemporal Changes in Waterfowl Habitat Suitability in the Caohai Lake Wetland and Responses to Human Activities,"Liu, X.",2022,Sustainability,,,,,,,,,,,,,,,,,,
D023,Liam,"Agent-based simulations of interact-ions between duck population, farming decisions and leasing of hunting rights in the Camargue (Southern France)","Mathevet, R.",2003,Ecological Modelling,,,,,,,,,,,,,,,,,,
D024,Liam,"Evaluation of unmanned aerial vehicle shape, flight path and camera type for waterfowl surveys: disturbance effects and species recognition","McEvoy, JF.",2016,PeerJ,,,,,,,,,,,,,,,,,,
D025,Liam,Effects of stewardship on protected area effectiveness for coastal birds,"Michel, NL.",2021,Conservation Biology,,,,,,,,,,,,,,,,,,
D026,Liam,"Design of grassland feeding areas for waders during winter: The relative importance of sward, landscape factors and human disturbance","Milsom, TP.",1998,Biological Conservation,,,,,,,,,,,,,,,,,,
D027,Liam,"Climate, trophic interactions, density dependence and carry-over effects on the population productivity of a migratory Arctic herbivorous bird","Morrissette, M.",2010,Oikos,,,,,,,,,,,,,,,,,,
D028,Liam,"The effects of reseeding, fertilizer application and disturbance on the use of grasslands by barnacle geese, and the implications for refuge management","Percival, SM.",1993,Journal of Applied Ecology,,,,,,,,,,,,,,,,,,
D029,Liam,"The effect of fishing on the distribution and behaviour of waterbirds in the Kukut area of Lake Songkla, southern Thailand","Pierce, GJ.",1993,Biological Conservation,,,,,,,,,,,,,,,,,,
D030,Liam,Disturbance of Waterfowl by Boaters on Pool 4 of the Upper Mississippi River National Wildlife and Fish Refuge,"Rasmussen, H.",2010,Society & Natural Resources,,,,,,,,,,,,,,,,,,
D031,Liam,Roost availability may constrain shorebird distribution: Exploring the energetic costs of roosting and disturbance around a tropical bay,"Rogers, DI.",2006,Biological Conservation,,,,,,,,,,,,,,,,,,
D032,Liam,"Spatial and Temporal Patterns of Waterbird Assemblages in the Wilderness Lakes Complex, South Africa","Russell, AI.",2014,Waterbirds,,,,,,,,,,,,,,,,,,
D033,Liam,"Medium-term changes in coastal bird communities in the Western Cape, South Africa","Ryan, PG.",2013,Austral Ecology,,,,,,,,,,,,,,,,,,
D034,Liam,Roost location and landscape attributes influencing habitat selection of migratory waterbirds in rice fields,"Santiago-Quesada, F.",2014,"Agriculture, Ecosystems & Environment",,,,,,,,,,,,,,,,,,
D035,Liam,A Bayesian optimal escape model reveals bird species differ in their capacity to habituate to humans,"Sutton, NM.",2021,Behavioural Ecology,,,,,,,,,,,,,,,,,,
D036,Liam,Assessing the impacts of bait collection on inter-tidal sediment and the associated macrofaunal and bird communities: The importance of appropriate spatial scales,"Watson, GJ.",2017,Marine Environmental Research,,,,,,,,,,,,,,,,,,
D037,Liam,The effects of food abundance and disturbance on foraging flock patterns of the wintering Hooded Crane (Grus monacha),"Yang, L.",2015,Avian Research,,,,,,,,,,,,,,,,,,
D038,Liam,An approach to assess the potential impacts of human disturbance on wintering tropical shorebird,"Yasue, M.",2008,Oryx,,,,,,,,,,,,,,,,,,
D039,Liam,"The Influence of Food Density, Flock Size, and Disturbance on the Functional Response of Bewick's Swans (Cygnus columbianus bewickii) in Wintering Habitats","Yu, C.",2019,Animals,,,,,,,,,,,,,,,,,,
D040,Liam,"Crucial sites and environmental variables for wintering migratory waterbird population distributions in the natural wetlands in East Dongting Lake, China","Zou, YA.",2019,Science of the Total Environment,,,,,,,,,,,,,,,,,,
D041,Luke,An evaluation of the level of human disturbance to waterbirds at Mole National Park in Ghana,"Aikins, TK.",2018,Wetlands Ecology and Management,,,,,,,,,,,,,,,,,,
D042,Luke,Leisure activities as a main threat for the conservation of waterbirds in an estuary in northern Iberia,"Arizaga, J.",2020,Animal Biodiversity and Conservation,,,,,,,,,,,,,,,,,,
D043,Luke,Behavioral responses of Canada geese to winter harassment in the context of human-wildlife conflicts,"Askren, RJ.",2022,Wildlife Society Bulletin,,,,,,,,,,,,,,,,,,
D044,Luke,Profound and pervasive degradation of Madagascar's freshwater wetlands and links with biodiversity,"Bamford, AJ",2017,PLoS One,,,,,,,,,,,,,,,,,,
D045,Luke,Behavioural responses to human disturbance: a matter of choice?,"Beale, CM.",2004,Animal Behaviour,,,,,,,,,,,,,,,,,,
D046,Luke,The role of protected area wetlands in waterfowl habitat conservation: Implications for protected area network design,"Beatty, WS.",2014,Biological Conservation,,,,,,,,,,,,,,,,,,
D047,Luke,Movements and Habitat Use by Temperate-Nesting Canada Geese During the Postbreeding Period in Southern Quebec,"Beaumont, M.",2013,Avian Conservation and Ecology,,,,,,,,,,,,,,,,,,
D048,Luke,"The effects of disturbance on behaviour, habitat use and energy of spring staging snow geese","Bechet, A.",2004,Journal of Applied Ecology,,,,,,,,,,,,,,,,,,
D049,Luke,Spring hunting changes the regional movements of migrating greater snow geese,"Bechet, A.",2003,Journal of Applied Ecology,,,,,,,,,,,,,,,,,,
D050,Luke,Evaluation of disturbance effect on geese caused by an approaching unmanned aerial vehicle,"Bech-Hansen, M.",2020,Wildlife Research,,,,,,,,,,,,,,,,,,
D051,Luke,Testing a key assumption of wildlife buffer zones: is flight initiation distance a species-specific trait?,"Blumstein, DT.",2003,Biological Conservation,,,,,,,,,,,,,,,,,,
D052,Luke,Creating new foraging opportunities for dark-bellied brent Branta bernicla and barnacle geese Branta leucopsis in spring insights from a large-scale experiment,"Bos, D.",2003,Ardea,,,,,,,,,,,,,,,,,,
D053,Luke,Tools in waterfowl reserve management: effects of intermittent hunting adjacent to a shooting-free core area,"Bregnballe, T.",2004,Wildlife Biology,,,,,,,,,,,,,,,,,,
D054,Luke,Effects of temporal and spatial hunting control in waterbird reserves,"Bregnballe, T.",2004,Biological Conservation,,,,,,,,,,,,,,,,,,
D055,Luke,Differential flight responses of spring staging Teal Anas crecca and Wigeon A-penelope to human versus natural disturbance,"Bregnballe, T.",2017,Wildfowl,,,,,,,,,,,,,,,,,,
D056,Luke,"Marsh management, reserve creation, hunting periods and carrying capacity for wintering ducks and coots","Brochet, AL.",2009,Biodiversity and Conservation,,,,,,,,,,,,,,,,,,
D057,Luke,Effects of hunting on the behaviour and spatial distribution of farmland birds: importance of hunting-free refuges in agricultural areas,"Casas, F.",2009,Animal Conservation,,,,,,,,,,,,,,,,,,
D058,Luke,Hunting influences the diel patterns in habitat selection by northern pintails Anas acuta,"Casazza, ML.",2012,Wildlife Biology,,,,,,,,,,,,,,,,,,
D059,Luke,"Diurnal variation in the behaviour of the Pink-footed Goose (Anser brachyrhynchus) during the spring stopover in Trondelag, Norway","Chudzinska, M.",2013,Journal of Ornithology,,,,,,,,,,,,,,,,,,
D060,Luke,Foraging behaviour and fuel accumulation of capital breeders during spring migration as derived from a combination of satellite- and ground-based observations,"Chudzinska, M.",2016,Journal of Avian Biology,,,,,,,,,,,,,,,,,,
D061,Luke,Varying energetic costs of Brent Geese along a continuum from aquatic to agricultural habitats: the importance of habitat-specific energy expenditure,Clausen KK.,2013,Journal of Ornithology,,,,,,,,,,,,,,,,,,
D062,Luke,Sharing waters: the impact of recreational kayaking on moulting mute swans Cygnus olor,Clausen KK.,2020,Journal of Ornithology,,,,,,,,,,,,,,,,,,
D063,Luke,"Waterbird flight initiation distances at Barberspan Bird Sanctuary, South Africa","Coetzer, C.",2017,KOEDOE,,,,,,,,,,,,,,,,,,
D064,Luke,"Variability in the area, energy and time costs of wintering waders responding to disturbance","Collop, C.",2016,Ibis,,,,,,,,,,,,,,,,,,
D065,Luke,Winter Time-Activity Budgets of Diving Ducks on Eastern Texas Reservoirs,"Crook, SL.",2009,Waterbirds,,,,,,,,,,,,,,,,,,
D066,Luke,"Gallant geese, fearful flocks? Flock size and heterospecifics alter the escape behaviour of an invasive goose","Deboelpaep, E.",2018,Belgian Journal of Zoology,,,,,,,,,,,,,,,,,,
D067,Luke,Boat disturbance effects on moulting common eiders Somateria mollissima,"Denhard, N.",2019,Marine Biology,,,,,,,,,,,,,,,,,,
D068,Luke,Does traditional shellfishing affect foraging by waders? The case of the Tagus estuary (Portugal),"Dias, MP.",2008,Acta Oecologica,,,,,,,,,,,,,,,,,,
D069,Luke,Light Goose Conservation Order Effects on Nontarget Waterfowl Behavior and Energy Expenditure,"Dinges, AJ.",2016,Wildlife Society Bulletin,,,,,,,,,,,,,,,,,,
D070,Luke,Effects of the Light Goose Conservation Order on non-target waterfowl distribution during spring migration,"Dinges, AJ.",2015,Wildlife Biology,,,,,,,,,,,,,,,,,,
D071,Luke,Mallard Response to Experimental Walk-In and Shooting Disturbance,"Dooley, JL.",2010,Journal of Wildlife Management,,,,,,,,,,,,,,,,,,
D072,Luke,"Long-term changes in agricultural practices and wildfowling in an internationally important wetland, and their effects on the guild of wintering ducks","Duncan, P.",1999,Journal of Applied Ecology,,,,,,,,,,,,,,,,,,
D073,Luke,"Time allocation by greater white-fronted geese - influence of diet, energy reserves and predation","Ely, CR.",1992,Condor,,,,,,,,,,,,,,,,,,
D074,Liam,A novel methodology for the rapid assessment of waterbird vulnerability to disturbance,England KJH.,2015,Ostrich,,,,,,,,,,,,,,,,,,
D075,Luke,Hunting disturbance on a large shallow lake: the effectiveness of waterfowl refuges,"Evans, DM.",2002,Ibis,,,,,,,,,,,,,,,,,,
D076,Luke,"Does shooting disturbance affect diving ducks wintering on large shallow lakes? A case study on Lough Neagh, Northern Ireland","Evans, DM.",2001,Biological Conservation,,,,,,,,,,,,,,,,,,
D077,Luke,Effect of a spring hunt on nutrient storage by greater snow geese in southern Quebec,"Feret, M.",2003,Journal of Wildlife Management,,,,,,,,,,,,,,,,,,
D078,Luke,Responses of Eurasian woodcock Scolopax rusticola to simulated hunting disturbance,"Ferrand, Y.",2013,Wildlife Biology,,,,,,,,,,,,,,,,,,
D079,Luke,Determinants of preferred intertidal feeding habitat for Eastern Curlew: A study at two spatial scales,"Finn, PG.",2007,Austral Ecology,,,,,,,,,,,,,,,,,,
D080,Luke,Effects of recreational disturbance on the foraging behaviour of waders on a rocky beach,"Fitzpatrick, S.",1998,Bird Study,,,,,,,,,,,,,,,,,,
D081,Luke,Movements of flightless Long-tailed Ducks during wing molt,"Flint, PL.",2004,Waterbirds,,,,,,,,,,,,,,,,,,
D082,Luke,Food-supply and the effects of recreational disturbance on the abundance and distribution of wintering pochard on a gravel-pit complex in southern Britain,"Fox, AD.",1994,Hydrobiologia,,,,,,,,,,,,,,,,,,
D083,Luke,Species-specific habitat use of wing-moulting waterbirds in response to temporary flightlessness,"Gerhold, A.",2014,Ibis,,,,,,,,,,,,,,,,,,
D084,Luke,Disturbance Caused by Aerial Waterfowl Surveys During the Nonbreeding Season,Gilbert AD.,2020,Journal of Wildlife Management,,,,,,,,,,,,,,,,,,
D085,Luke,The effects of disturbance on habitat use by black-tailed godwits Limosa limosa,"Gill, JA.",2001,Journal of Applied Ecology,,,,,,,,,,,,,,,,,,
D086,Luke,Roost fidelity of pink-footed geese Anser brachyrhynchus in north-east Scotland,"Giroux, JF.",1991,Bird Study,,,,,,,,,,,,,,,,,,
D087,Luke,Up the creek with a paddle; avian flight distances from canoes versus walkers,"Glover, HK.",2015,Wetlands Ecology and Management,,,,,,,,,,,,,,,,,,
D088,Luke,Disturbance does not have a significant impact on waders in an estuary close to conurbations: importance of overlap between birds and people in time and space,"Goss-Custard, JD.",2020,Ibis,,,,,,,,,,,,,,,,,,
D089,Luke,Evaluating tradeoffs between sanctuary for migrating waterbirds and recreational opportunities in a restored wetland complex,"Hagy, HM.",2017,Hydrobiologia,,,,,,,,,,,,,,,,,,
D090,Luke,Impacts of human activities on diversity of wintering waterbirds: Assessment in Mediterranean coastal area,"Hamza, F.",2020,Ocean & Coastal Management,,,,,,,,,,,,,,,,,,
D091,Luke,Species richness patterns of waterbirds wintering in the gulf of Gabes in relation to habitat and anthropogenic features,"Hamza, F.",2015,"Estuarine, Coastal and Shelf Science",,,,,,,,,,,,,,,,,,
D092,Aimee,"Habitat features and human presence as predictors of the abundance of shorebirds and wading birds wintering in the Gulf of Gabes, Tunisia","Hamza, F.",2015,MEPS,,,,,,,,,,,,,,,,,,
D093,Aimee,Effects of multiple targeted repelling measures on the behaviour of individually tracked birds in an area of increasing human-wildlife conflict,"Heim, W.",2022,Journal of Applied Ecology,,,,,,,,,,,,,,,,,,
D094,Aimee,Factors Influencing a 24-Hour Time-Budget for Wintering Atlantic Brant,"Heise, JR.",2019,Journal of Fish and Wildlife Management,,,,,,,,,,,,,,,,,,
D095,Aimee,Comparing behavioural responses of Greylag Geese Anser anser and Egyptian Geese Alopochen aegyptiaca to human disturbance in an urban setting,"Hohmann, R.",2021,Wildfowl,,,,,,,,,,,,,,,,,,
D096,Aimee,Habitat use and activity patterns of Mute Swans at a molting and a wintering site in Denmark,"Holm, TE.",2002,Waterbirds,,,,,,,,,,,,,,,,,,
D097,Aimee,The feeding ecology and distribution of Common Coots Fulica atra are affected by hunting taking place in adjacent areas,"Holm, TE.",2011,Bird Study,,,,,,,,,,,,,,,,,,
D098,Aimee,Endogenous reserve dynamics of northern common eiders wintering in Greenland,"Jamieson, SE.",2006,Polar Biology,,,,,,,,,,,,,,,,,,
D099,Aimee,Behavioural responses of non-breeding waterbirds to marine traffic in the near-shore environment,"Jarrett, D.",2021,Bird Study,,,,,,,,,,,,,,,,,,
D100,Aimee,Hunting migratory geese: is there an optimal practice?,"Jensen, GH.",2016,Wildlife Biology,,,,,,,,,,,,,,,,,,
D101,Aimee,Environmental factors affecting numbers of pink-footed geese Anser brachyrhynchus utilising an autumn stopover site,"Jensen, GH.",2016,Wildlife Biology,,,,,,,,,,,,,,,,,,
D102,Aimee,Factors affecting escape behaviour in moulting Greylag Geese Anser anser,"Kahlert, J.",2006,Journal of Ornithology,,,,,,,,,,,,,,,,,,
D103,Aimee,Effects of feeding patterns on body mass loss in moulting Greylag Geese Anser anser,"Kahlert, J.",2006,Bird Study,,,,,,,,,,,,,,,,,,
D104,Aimee,Modelling behavioural and fitness consequences of disturbance for geese along their spring flyway,"Klaassen, M.",2006,Journal of Applied Ecology,,,,,,,,,,,,,,,,,,
D105,Aimee,Effects of ecotourism on distribution of waterbirds in a wildlife refuge,"Klein, ML.",1995,Conservation Biology,,,,,,,,,,,,,,,,,,
D106,Aimee,"Human disturbance of diving ducks on Long Point Bay, Lake Erie","Knapton, RW.",2000,Wildlife Society Bulletin,,,,,,,,,,,,,,,,,,
D107,Aimee,Assessing Anthropogenic Disturbances to Develop Buffer Zones for Shorebirds Using a Stopover Site,"Koch, SL.",2014,Journal of Wildlife Management,,,,,,,,,,,,,,,,,,
D108,Aimee,Responses of wintering geese to the designation of goose foraging areas in The Netherlands,"Koffijberg, K.",2017,Ambio,,,,,,,,,,,,,,,,,,
D109,Aimee,Temporal and spatial variation in bird and human use of beaches in southern Californial,"Lafferty, KD.",2013,SpringerPlus,,,,,,,,,,,,,,,,,,
D110,Aimee,Hunting from motorboats displaces Wadden Sea eiders Somateria mollissima from their favoured feeding distribution,"Laursen, K.",2008,Wildlife Biology,,,,,,,,,,,,,,,,,,
D111,Aimee,Countrywide screening of spatiotemporal overlap between coastal and marine recreation and waterbirds in Denmark,"Laursen, K.",2021,Journal of Outdoor Recreation and Tourism,,,,,,,,,,,,,,,,,,
D112,Aimee,Factors affecting escape distances of staging waterbirds,"Laursen, K.",2005,Wildlife Biology,,,,,,,,,,,,,,,,,,
D113,Aimee,Dynamic group size and displacement as avoidance strategies by eiders in response to hunting,"Laursen, K.",2016,Wildlife Biology,,,,,,,,,,,,,,,,,,
D114,Aimee,"Effect of predation risk, body size, and habitat characteristics on emigration decisions in mallards","Legagneux, P.",2009,Behavioural Ecology,,,,,,,,,,,,,,,,,,
D115,Aimee,COVID19-induced reduction in human disturbance enhances fattening of an overabundant goose species,"LeTourneux, F.",2021,Biological Conservation,,,,,,,,,,,,,,,,,,
D116,Aimee,"Vigilance and Activity Time-Budget Adjustments of Wintering Hooded Cranes, Grus monacha, in Human-Dominated Foraging Habitats","Li, CL.",2015,PLoS One,,,,,,,,,,,,,,,,,,
D117,Aimee,Behavioural responses of migratory shorebirds to disturbance at a high-tide roost,"Lilleyman, A. ",2016,Emu,,,,,,,,,,,,,,,,,,
D118,Aimee,Daily Movements of Female Mallards Wintering in Southwestern Louisiana,"Link, PT.",2011,Waterbirds,,,,,,,,,,,,,,,,,,
D119,Aimee,Disturbance increases high tide travel distance of a roosting shorebird but only marginally affects daily energy expenditure,"Linssen, H.",2019,Avian Research,,,,,,,,,,,,,,,,,,
D120,Aimee,Behavioural responses of the whooper swans Cygnus cygnus to human disturbance and their adaptability to the different habitats in the Rongcheng lagoon of China,"Liu, YH.",2018,Ecohydrology,,,,,,,,,,,,,,,,,,
D121,Aimee,"Role of disturbance, geology and other environmental factors in determining abundance and diversity in coastal avian communities during winter","Lourenco, PM.",2013,MEPS,,,,,,,,,,,,,,,,,,
D122,Aimee,Shorebirds can adopt foraging strategies that take advantage of human fishing practices,"Lunardi, VO.",2014,Emu,,,,,,,,,,,,,,,,,,
D123,Aimee,Experimental refuges for migratory waterfowl in Danish wetlands. I. Baseline assessment of the disturbance effects of recreational activities,"Madsen, J.",1998,Journal of Applied Ecology,,,,,,,,,,,,,,,,,,
D124,Aimee,Experimental refuges for migratory waterfowl in Danish wetlands. II. Tests of hunting disturbance effects,"Madsen, J.",1998,Journal of Applied Ecology,,,,,,,,,,,,,,,,,,
D125,Aimee,Can geese adjust their clocks? Effects of diurnal regulation of goose shooting,"Madsen, J.",2001,Wildlife Biology,,,,,,,,,,,,,,,,,,
D126,Aimee,Are body condition and reproductive effort of laying Greater Snow Geese affected by the spring hunt?,"Mainguy, J.",2002,Condor,,,,,,,,,,,,,,,,,,
D127,Aimee,Chronology of Autumn migration by greater snow geese,"Maisonneuve, C.",1992,Journal of Wildlife Management,,,,,,,,,,,,,,,,,,
D128,Aimee,Lethal scaring - Behavioral and short-term numerical response of greylag goose Anser anser,"Mansson, J.",2017,Crop Protection,,,,,,,,,,,,,,,,,,
D129,Aimee,"Understanding the impact of recreational disturbance caused by motor vehicles on waterbirds: a case study from the Bundala Wetland, Sri Lanka","Marasinghe, S.",2022,Journal of Coastal Conservation,,,,,,,,,,,,,,,,,,
D130,Aimee,Impact of disturbance on waterfowl wintering in a UK dockland redevelopment area,"Marsden, SJ.",2000,Environmental Management,,,,,,,,,,,,,,,,,,
D131,Aimee,Water body type and group size affect the flight initiation distance of European waterbirds,"Mayer, M.",2019,PLoS One,,,,,,,,,,,,,,,,,,
D132,Aimee,Informing wetland management with waterfowl movement and sanctuary use responses to human-induced disturbance,"McDuie, F.",2021,Journal of Environmental Management,,,,,,,,,,,,,,,,,,
D133,Aimee,Waterbird responses to regular passage of a birdwatching tour boat: Implications for wetland management,"McFadden, TN.",2017,Journal for Nature Conservation,,,,,,,,,,,,,,,,,,
D134,Aimee,Waterfowl-habitat associations during winter in an urban North Atlantic estuary,"McKinney, RA.",2006,Biological Conservation,,,,,,,,,,,,,,,,,,
D135,Aimee,"Buses, Cars, Bicycles and Walkers The Influence of the Type of Human Transport on the Flight Responses of Waterbirds","McLeod, EM.",2013,PLoS One,,,,,,,,,,,,,,,,,,
D136,Aimee,"The Relative Importance of Human Disturbance, Environmental and Spatial Factors on the Community Composition of Wetland Birds","Mereta, ST.",2021,Water,,,,,,,,,,,,,,,,,,
D137,Liam,Diurnal and Nocturnal Feeding Strategies in Common Eiders,"Merkel, FR.",2008,Waterbirds,,,,,,,,,,,,,,,,,,
D138,Liam,Migratory and resident waders differ in risk taking on the wintering grounds,"Mikula, P.",2018,Behavioural Processes,,,,,,,,,,,,,,,,,,
D139,Liam,Expensive Traditions: Energy Expenditure of Aleutian Geese in Traditional and Recently Colonized Habitats,"Mini, AE.",2009,Journal of Wildlife Management,,,,,,,,,,,,,,,,,,
D140,Liam,Winter Habitat Selection by a Declining American Black Duck Population,"Monroe, KC.",2021,Wildlife Society Bulletin,,,,,,,,,,,,,,,,,,
D141,Liam,"Historical changes in black brant Branta bernicla nigricans use on Humboldt Bay, California","Moore, JE.",2006,Wildlife Biology,,,,,,,,,,,,,,,,,,
D142,Liam,The effect of human disturbance and flock composition on the flight distances of waterfowl species,"Mori, Y.",2001,Journal of Ethology,,,,,,,,,,,,,,,,,,
D143,Liam,Agroecosystems and conservation of migratory waterbirds: importance of coastal pastures and factors influencing their use by wintering shorebirds,"Navedo, JG.",2013,Biodiversity and Conservation,,,,,,,,,,,,,,,,,,
D144,Liam,Effects of recreational disturbance on tidal wetlands: supporting the importance of undisturbed roosting sites for waterbird conservation,"Navedo, JG.",2012,Journal of Coastal Conservation,,,,,,,,,,,,,,,,,,
D145,Liam,Measuring potential negative effects of traditional harvesting practices on waterbirds: a case study with migrating curlews,"Navedo, JG.",2007,Animal Conservation,,,,,,,,,,,,,,,,,,
D146,Liam,Assessing the effects of human activities on the foraging opportunities of migratory shorebirds in Austral high-latitude bays,"Navedo, JG.",2019,PLoS One,,,,,,,,,,,,,,,,,,
D147,Liam,Influence of protected riparian areas on habitat structure and biodiversity in and at small lakes managed by recreational fisheries,"Nikolaus, R.",2022,Fisheries Research,,,,,,,,,,,,,,,,,,
D148,Liam,Status of aquatic and riparian biodiversity in artificial lake ecosystems with and without management for recreational fisheries: Implications for conservation,"Nikolaus, R.",2021,Aquatic Conservation - Marine and Freshwater Ecosystems,,,,,,,,,,,,,,,,,,
D149,Liam,Scaring waterfowl as a management tool: how much more do geese forage after disturbance?,"Nolet, BA.",2016,Journal of Applied Ecology,,,,,,,,,,,,,,,,,,
D150,Liam,Bird assemblages as bio-indicators of water regime management and hunting disturbance in natural wet grasslands,"Paillisson, JM.",2002,Biological Conservation,,,,,,,,,,,,,,,,,,
D151,Liam,Impact of human disturbance on the abundance of non-breeding shorebirds in a subtropical wetland,"Palacios, E.",2022,Biotropica,,,,,,,,,,,,,,,,,,
D152,Liam,Mallard resource selection trade-offs in a heterogeneous environment during autumn and winter,"Palumbo, MD.",2019,Ecology and Evolution,,,,,,,,,,,,,,,,,,
D153,Liam,Spring snow goose hunting influences body composition of waterfowl staging in Nebraska,"Pearse, AT.",2012,Journal of Wildlife Management,,,,,,,,,,,,,,,,,,
D154,Liam,Effects of human disturbances on the behavior of wintering ducks,"Pease, ML.",2005,Wildlife Society Bulletin,,,,,,,,,,,,,,,,,,
D155,Liam,Using movement ecology to evaluate the effectiveness of multiple human-wildlife conflict management practices,"Pekarsky, S.",2021,Biological Conservation,,,,,,,,,,,,,,,,,,
D156,Liam,"The effects of reseeing, fertilizer application and disturbance on the use of grasslands by barnacle geese, and the implications for refuge management","Percival, SM. ",1993,Journal of Applied Ecology,,,,,,,,,,,,,,,,,,
D157,Liam,"Managing the distribution of barnacle geese on Islay, Scotland, through deliberate human disturbance","Percival, SM. ",1997,Biological Conservation,,,,,,,,,,,,,,,,,,
D158,Liam,Using the risk-disturbance hypothesis to assess the relative effects of human disturbance and predation risk on foraging American oystercatchers,"Peters, KA.",2005,Condor,,,,,,,,,,,,,,,,,,
D159,Liam,"Effects of human activities on migratory waterbirds at Lashihai Lake, China","Quan, RC",2002,Biological Conservation,,,,,,,,,,,,,,,,,,
D160,Liam,The Effects of Disturbance on the Abundance and Foraging Behaviour of Shorebirds and Waterbirds in the Tropical Mudflat Areas,"Ramli, R.",2017,Sains Malaysiana,,,,,,,,,,,,,,,,,,
D161,Liam,Disturbances by dog barking increase vigilance in coots Fulica atra,"Randler, C.",2006,European Journal of Wildlife Research,,,,,,,,,,,,,,,,,,
D162,Liam,Reactions to human disturbances in an urban population of the Swan Goose Anser cygnoides in Heidelberg (SW Germany),"Randler, C.",2003,Acta Ornithologica,,,,,,,,,,,,,,,,,,
D163,Liam,Factors affecting the behavioural responses of whooper swans (Cygnus c. cygnus) to various human activities,"Rees, EC.",2005,Biological Conservation,,,,,,,,,,,,,,,,,,
D164,Liam,The impact of disturbance on the behaviour and energy budgets of Brent geese Branta-b-bernicla,"Riddington, R.",1996,Bird Study,,,,,,,,,,,,,,,,,,
D165,Liam,Buffer-zone distances to protect foraging and loafing waterbirds from disturbance by personal watercraft and outboard-powered boats,"Rodgers, JA.",2002,Conservation Biology,,,,,,,,,,,,,,,,,,
D166,Liam,Thinking Like a Duck: Fall Lake Use and Movement Patterns of Juvenile Ring-Necked Ducks before Migration,"Roy, CL.",2014,PLoS One,,,,,,,,,,,,,,,,,,
D167,Liam,Refuge Use by Hatching-Year Ring-Necked Ducks: An Individual-Based Telemetry Approach,"Roy, CL.",2014,Journal of Wildlife Management,,,,,,,,,,,,,,,,,,
D168,Liam,"Winter microhabitat distribution of coots (Fulica atra L.1758) on gravel-pit wetlands in the Garonne river floodplain, Southwest France","Santoul, F.",2004,Belgian Journal of Zoology,,,,,,,,,,,,,,,,,Mortality?,
D169,Liam,Effects of disturbance on activity and energy budgets of migrating waterbirds in south-central Oklahoma,"Schummer, ML.",2003,Journal of Wildlife Management,,,,,,,,,,,,,,,,,,
D170,Liam,Land Cover Switching in Autumn by Female Mallards in Ohio,"Shirkey, BT.",2020,Journal of Wildlife Management,,,,,,,,,,,,,,,,,,
D171,Liam,Is it worthwhile scaring geese to alleviate damage to crops? - An experimental study,"Simonsen, CE.",2016,Journal of Applied Ecology,,,,,,,,,,,,,,,,,,
D172,Liam,Effect of Weekly Hunting Frequency on Duck Abundances in Mississippi Wildlife Management Areas,"St James, EA.",2013,Journal of Fish and Wildlife Management,,,,,,,,,,,,,,,,,,
D173,Liam,Wetland use by Mallards during spring and fall in the Illinois and central Mississippi river valleys,"Stafford, JD.",2007,Waterbirds,,,,,,,,,,,,,,,,,,
D174,Liam,Historical and Contemporary Characteristics and Waterfowl Use of Illinois River Valley Wetlands,"Stafford, JD.",2010,Wetlands,,,,,,,,,,,,,,,,,,
D175,Liam,"Compensatory limits: energy budgets of Brent Geese, Branta b-bernicla, the influence of human disturbance","Stock, M.",1997,Journal fur Ornithologie,,,,,,,,,,,,,,,,,,
D176,Liam,Effects of hunting pressure and collection method bias on body mass of drake mallards,"Szymanski, ML.",2013,Journal of Wildlife Management,,,,,,,,,,,,,,,,,,
D177,Liam,Population control by means of organised hunting effort: Experiences from a voluntary goose hunting arrangement,"Tombre, IM.",2022,Ambio,,,,,,,,,,,,,,,,,,
D178,Liam,Influence of organised scaring on distribution and habitat choice of geese on pastures in Northern Norway,"Tombre, IM.",2005,"Agriculture, Ecosystems & Environment",,,,,,,,,,,,,,,,,,
D179,Liam,Foraging Shorebird Response to Trail Use Around San Francisco Bay,"Trulio, LA.",2008,Journal of Wildlife Management,,,,,,,,,,,,,,,,,,
D180,Liam,Hunting disturbance and the timing of autumn migration in Anas species,"Vaananen, VM.",2001,Wildlife Biology,,,,,,,,,,,,,,,,,,
D181,Liam,"Cumulative energetic costs of military aircraft, recreational and natural disturbance in roosting shorebirds","Van der Kolk, H.",2020,Animal Conservation,,,,,,,,,,,,,,,,,,
D182,Liam,The hidden cost of disturbance: Eurasian Oystercatchers (Haematopus ostralegus) avoid a disturbed roost site during the tourist season,"Van der Kolk, H.",2022,Ibis,,,,,,,,,,,,,,,,,,
D183,Liam,Cost-effectiveness of scaring brent geese Branta bernicla bernicla from fields of arable crops by a human bird scarer,"Vickery, JA.",1992,Crop Protection,,,,,,,,,,,,,,,,,,
D184,Liam,Effects of severe anthropogenic disturbance on the heart rate and body temperature in free-living greylag geese (Anser anser),"Wascher, CAF",2022,Conservation Physiology,,,,,,,,,,,,,,,,,,
D185,Liam,Factors Influencing Behavior of Wetland Birds in the Rainwater Basin during Spring Migration,"Webb, EB.",2011,Waterbirds,,,,,,,,,,,,,,,,,,
D186,Liam,Predicting the impacts of disturbance on shorebird mortality using a behaviour-based model,"West, AD.",2002,Biological Conservation,,,,,,,,,,,,,,,,,,
D187,Liam,"The effects of human presence, flock size and prey density on shorebird foraging rates","Yasue, M.",2005,Journal of Ethology,,,,,,,,,,,,,,,,,,
D188,Liam,Microhabitat variables explain patch switching by wintering Bewick's swans through giving-up net energy intake rates,"Yu, C.",2020,Environmental Science and Pollution Research,,,,,,,,,,,,,,,,,,
D189,Liam,Lateralization in monogamous pairs: wild geese prefer to keep their partner in the left hemifield except when disturbed,Zaynagutdinova,2021,Current Zoology,,,,,,,,,,,,,,,,,,
D190,Liam,Evidence of the Trade-Off between Starvation and Predation Risks in Ducks,"Zimmer, C.",2019,PLoS One,,,,,,,,,,,,,,,,,,
